<?xml version='1.0' encoding='UTF-8'?>
<!DOCTYPE hibernate-configuration PUBLIC
        "-//Hibernate/Hibernate Configuration DTD//EN"
        "http://www.hibernate.org/dtd/hibernate-configuration-3.0.dtd">

<hibernate-configuration>
    <session-factory>
        <property name="dialect">org.hibernate.dialect.PostgreSQL10Dialect</property>
        <property name="connection.url">jdbc:postgresql://localhost:5432/ovchip</property>
        <property name="connection.username">postgres</property>
        <property name="connection.password">1234</property>

        <!-- Enable this to show queries generated by Hibernate -->
        <!-- <property name="show_sql">true</property> -->
        <!-- <property name="format_sql">true</property> -->

        <mapping class="nl.hu.dp.ovchip.domein.Reiziger"/>
        <mapping class="nl.hu.dp.ovchip.domein.Adres"/>
        <mapping class="nl.hu.dp.ovchip.domein.Product"/>
        <mapping class="nl.hu.dp.ovchip.domein.OVChipkaart"/>
    </session-factory>
</hibernate-configuration>